,number_delivery_points,weight,utilize,travel_distance,travel_duration,service_time,total_duration,number_zone
count,97,97,97,97,97,97,97,97
mean,13.2,2383.9,0.95,106.57,124.39,197.94,322.33,1
std,4.13,242.74,0.1,37.77,40.54,61.91,82.85,0
min,3,1143,0.46,22.48,34.38,45,120.13,1
1%,3.96,1149.34,0.46,39.84,61.52,59.4,136.95,1
5%,6,1968.6,0.79,59.89,74.28,90,160.88,1
10%,7,2253.48,0.9,67.36,79.62,105,217.23,1
25%,10,2394,0.96,80.09,92.96,150,274.72,1
50%,13,2465.52,0.99,97.47,117.2,195,322.49,1
75%,16,2487.12,0.99,122.51,144.03,240,383.04,1
90%,18,2494.94,1,171.77,189.04,270,431.03,1
95%,19,2497.92,1,182.98,204.65,285,445.58,1
99%,21,2499.61,1,193.91,216.07,315,463.39,1
max,21,2499.84,1,198.64,254.61,315,475.06,1
total,1280,231237.98,92.5,10337.2,12065.7,19200,31265.7,97
excess_count,0,0,0,0,0,0,0,0
excess_mean,,,,,,,,
excess_std,,,,,,,,
excess_min,,,,,,,,
excess_1%,,,,,,,,
excess_5%,,,,,,,,
excess_10%,,,,,,,,
excess_25%,,,,,,,,
excess_50%,,,,,,,,
excess_75%,,,,,,,,
excess_90%,,,,,,,,
excess_95%,,,,,,,,
excess_99%,,,,,,,,
excess_max,,,,,,,,
excess_total,0,0,0,0,0,0,0,0
